<?xml version="1.0" encoding="UTF-8"?>
<project-private xmlns="http://www.netbeans.org/ns/project-private/1">
    <editor-bookmarks xmlns="http://www.netbeans.org/ns/editor-bookmarks/2" lastBookmarkId="0"/>
    <open-files xmlns="http://www.netbeans.org/ns/projectui-open-files/2">
        <group>
            <file>file:/C:/Users/nessk/git/javaavancado_ita_tarefa01/JavaAvancado_01/web/index.html</file>
            <file>file:/C:/Users/nessk/git/javaavancado_ita_tarefa01/JavaAvancado_01/test/UntitledTestCase.java</file>
            <file>file:/C:/Users/nessk/git/javaavancado_ita_tarefa01/JavaAvancado_01/src/java/CelsiusFahrenheit.java</file>
        </group>
    </open-files>
</project-private>
